<definition>
 <opcode>NOD</opcode>
 <int id="x">
  <name>X</name>
  <desc>The x-position of the editor node.</desc>
  <default>0</default>
 </int>
 <int id="y">
  <name>Y</name>
  <desc>The y-position of the editor node.</desc>
  <default>0</default>
 </int>
 <icon>icon.png</icon>
 <name>Editor Node</name>
 <desc>Starts an editor node. It should contain an inspector instruction, and optionally a label and/or begin instruction. The group should be closed with an EOG instruction.</desc>
 <category>Editor</category>
</definition>