<definition>
 <opcode>CMT</opcode>
 <int id="x">
  <name>X</name>
  <desc>The horizontal position of the comment.</desc>
  <default>0</default>
 </int>
 <int id="y">
  <name>Y</name>
  <desc>The vertical position of the comment.</desc>
  <default>0</default>
 </int>
 <multiline id="text">
  <name>Text</name>
  <desc>The text of the comment.</desc>
  <default>Comment text.</default>
 </multiline>
 <icon>icon.png</icon>
 <name>Comment</name>
 <desc>An editor comment.</desc>
 <category>Editor</category>
 <editor_node>
  <priority>-1</priority>
  <min_width>128</min_width>
  <color_main>#1a1a1aff</color_main>
  <color_text>#4cbf4cff</color_text>
 </editor_node>
</definition>