<definition>
 <opcode>RUL</opcode>
 <text id="type">
  <name>Type</name>
  <desc>The type of the compile rule. Should be one of the following: option, choice, tuple, or list.</desc>
  <default/>
 </text>
 <text id="id">
  <name>ID</name>
  <desc>The identifier of the compile rule.</desc>
  <default/>
 </text>
 <icon>icon.png</icon>
 <name>Compile Rule Metadata</name>
 <desc>Starts a compile rule metadata group. The group should be closed with an EOG instruction.</desc>
 <category>Editor</category>
</definition>