<definition>
 <opcode>FRM</opcode>
 <text id="id">
  <name>ID</name>
  <desc>The id of the frame.</desc>
  <default/>
 </text>
 <int id="x">
  <name>X</name>
  <desc>The horizontal position of the frame.</desc>
  <default>0</default>
 </int>
 <int id="y">
  <name>Y</name>
  <desc>The vertical position of the frame.</desc>
  <default>0</default>
 </int>
 <int id="width">
  <name>Width</name>
  <desc>The width of the frame.</desc>
  <default>0</default>
 </int>
 <int id="height">
  <name>Hidth</name>
  <desc>The height of the frame.</desc>
  <default>0</default>
 </int>
 <text id="title">
  <name>Title</name>
  <desc>The title text of the frame.</desc>
  <default>New Frame</default>
 </text>
 <color id="color_tint">
  <name>Color Tint</name>
  <desc>The color of the frame.</desc>
  <default>#000000ff</default>
 </color>
 <icon>icon.png</icon>
 <name>Frame</name>
 <desc>Starts a frame group. The group may contain a single MBR instruction (to allow for nested frames), and should be closed with an EOG instruction.</desc>
 <category>Editor</category>
 <editor_node>
  <priority>-1</priority>
  <min_width>128</min_width>
  <color_main>#ffffffc0</color_main>
  <color_text>#ffffffff</color_text>
 </editor_node>
</definition>